{
  "version": "2024.2",
  "applications": [],
  "platforms": [
    {
      "name": "design_1_wrapper"
    }
  ],
  "systems": [
    {
      "name": "lab5_part1_system",
      "platform": "/home/danny/Documents/fpga_club/danny/lab5/design_1_wrapper/export/design_1_wrapper/design_1_wrapper.xpfm",
      "sysConfig": "design_1_wrapper",
      "buildConfig": "Debug",
      "applications": [
        {
          "name": "lab5_part1",
          "platform": "/home/danny/Documents/fpga_club/danny/lab5/design_1_wrapper/export/design_1_wrapper/design_1_wrapper.xpfm",
          "platformPath": "/home/danny/Documents/fpga_club/danny/lab5/design_1_wrapper/export/design_1_wrapper",
          "sysConfig": "design_1_wrapper",
          "domain": "standalone_ps7_cortexa9_0",
          "system": "lab5_part1_system"
        }
      ],
      "platformPath": "/home/danny/Documents/fpga_club/danny/lab5/design_1_wrapper/export/design_1_wrapper"
    },
    {
      "name": "lab5_part2_system",
      "platform": "/home/danny/Documents/fpga_club/danny/lab5/design_1_wrapper/export/design_1_wrapper/design_1_wrapper.xpfm",
      "sysConfig": "design_1_wrapper",
      "buildConfig": "Debug",
      "applications": [
        {
          "name": "lab5_part2",
          "platform": "/home/danny/Documents/fpga_club/danny/lab5/design_1_wrapper/export/design_1_wrapper/design_1_wrapper.xpfm",
          "platformPath": "/home/danny/Documents/fpga_club/danny/lab5/design_1_wrapper/export/design_1_wrapper",
          "sysConfig": "design_1_wrapper",
          "domain": "standalone_ps7_cortexa9_0",
          "system": "lab5_part2_system"
        }
      ],
      "platformPath": "/home/danny/Documents/fpga_club/danny/lab5/design_1_wrapper/export/design_1_wrapper"
    }
  ],
  "others": []
}