{
  "version": "2024.2",
  "applications": [],
  "platforms": [
    {
      "name": "lab_6_design_wrapper"
    }
  ],
  "systems": [
    {
      "name": "lab6_part1_system",
      "platform": "/home/danny/Documents/fpga_club/danny/lab6/lab_6_design_wrapper/export/lab_6_design_wrapper/lab_6_design_wrapper.xpfm",
      "sysConfig": "lab_6_design_wrapper",
      "buildConfig": "Debug",
      "applications": [
        {
          "name": "lab6_part1",
          "platform": "/home/danny/Documents/fpga_club/danny/lab6/lab_6_design_wrapper/export/lab_6_design_wrapper/lab_6_design_wrapper.xpfm",
          "platformPath": "/home/danny/Documents/fpga_club/danny/lab6/lab_6_design_wrapper/export/lab_6_design_wrapper",
          "sysConfig": "lab_6_design_wrapper",
          "domain": "standalone_ps7_cortexa9_0",
          "system": "lab6_part1_system"
        }
      ],
      "platformPath": "/home/danny/Documents/fpga_club/danny/lab6/lab_6_design_wrapper/export/lab_6_design_wrapper"
    },
    {
      "name": "lab6_part2_system",
      "platform": "/home/danny/Documents/fpga_club/danny/lab6/lab_6_design_wrapper/export/lab_6_design_wrapper/lab_6_design_wrapper.xpfm",
      "sysConfig": "lab_6_design_wrapper",
      "buildConfig": "Debug",
      "applications": [
        {
          "name": "lab6_part2",
          "platform": "/home/danny/Documents/fpga_club/danny/lab6/lab_6_design_wrapper/export/lab_6_design_wrapper/lab_6_design_wrapper.xpfm",
          "platformPath": "/home/danny/Documents/fpga_club/danny/lab6/lab_6_design_wrapper/export/lab_6_design_wrapper",
          "sysConfig": "lab_6_design_wrapper",
          "domain": "standalone_ps7_cortexa9_0",
          "system": "lab6_part2_system"
        }
      ],
      "platformPath": "/home/danny/Documents/fpga_club/danny/lab6/lab_6_design_wrapper/export/lab_6_design_wrapper"
    }
  ],
  "others": []
}